"waste_type","utilization_method","category","description","processing_requirement","processing_complexity","typical_conversion_or_yield","processing_cost","potential_value_or_revenue","environmental_benefit","suitability","technology_required","major_advantages","major_challenges","source_title","source_url","source_type","data_confidence"
"Bagasse","Cogeneration / Bioelectricity","Energy","Bagasse is burned in high-pressure boilers to raise steam, which drives turbines to generate electricity and process steam for the mill; surplus power is exported to the grid.","Direct combustion in boilers at mill-run moisture (~50%); requires high-pressure, high-efficiency boilers and turbines for surplus export.","Low","India's installed bagasse cogeneration capacity was 9,433.56 MW as of 30 June 2023 (MNRE); Uttar Pradesh alone has an estimated bioelectricity potential of 1.93 GW; national potential estimated near 3,500-5,000 MW (MNRE study). ~240 million tonnes of cane crushed annually in India generates ~80 million tonnes of wet bagasse (50% moisture).","N/A - no reliably sourced current per-MW capital cost figure found in this research.","N/A - no reliably sourced current electricity tariff/revenue figure specific to bagasse cogeneration found.","Displaces fossil-fuel-based grid electricity, reducing GHG emissions; regarded as carbon-neutral power generation.","Bagasse is generated on-site at the mill, making it an inherently well-suited and already-commercialized feedstock for cogeneration in India.","High-pressure boilers, steam turbines, generators, grid interconnection equipment.","Uses on-site waste with no transport cost; mature, established technology; strong Indian government policy support since the 1980s.","High capital cost for high-efficiency boiler/turbine upgrades; feedstock available only during the seasonal crushing period; competes with alternative bagasse uses (paper, particleboard, biofuels).","Energy from Waste: Sugar Mill Waste-to-Energy in India: Successful Cogeneration (Waste Management World); Bioelectricity from sugarcane bagasse co-generation in India (ScienceDirect)","https://waste-management-world.com/resource-use/sugar-mill-waste-to-energy-in-india-successful-cogeneration/ ; https://www.sciencedirect.com/science/article/abs/pii/S0959652618303937","Industry Report / Research Paper","High - corroborated by multiple independent sources including an MNRE (Government of India) statistic."
"Bagasse","Pulp and Paper Production","Industrial","Depithed bagasse is cooked (typically via the Kraft/sulphate process) and bleached to produce pulp for paper and paperboard manufacture.","Depithing, Kraft (sodium sulphate) cooking, bleaching; substantial process water required.","High","Typical yield on bone-dry depithed bagasse using the Kraft process is 48% for final bleached slush pulp (FAO).","Estimated production cost (with depithed, 90% dry bagasse feedstock at US$30/tonne) is approximately US$340 per tonne of bleached slush pulp; indicative capital cost ~US$12 million for a 50-tonnes/day plant. Figures from an FAO technical publication; exact publication year and therefore currency-year context could not be confirmed in this research, so costs are likely historical/outdated.","N/A - no current market price for bagasse-derived pulp/paper found.","Reduces demand for wood pulp and associated deforestation pressure; only about 20% of India's wastepaper is currently collected, indicating room to expand non-wood fibre sources such as bagasse (FAO).","Technically feasible but FAO literature notes bagasse pulping is a 'relatively demanding technology best approached after gaining experience with simpler bagasse processing' such as cogeneration or particleboard manufacture.","Depithing equipment, Kraft digesters, bleaching plant, large process-water systems.","High pulp yield achievable; reduces pressure on wood/forest resources; established industrial process used at some Indian mills historically.","High capital investment; heavy water requirement (~200 m3 per tonne of pulp); technically demanding; producing bagasse newsprint specifically has proved difficult/uneconomic per FAO.","Alternative uses of sugarcane and its byproducts (FAO)","https://www.fao.org/4/s8850e/s8850e03.htm","FAO","Medium - authoritative FAO source, but cost figures are from an older publication of uncertain year, so likely outdated for present-day economics."
"Bagasse","Particleboard / MDF Manufacture","Construction","Bagasse fibres are bonded with a resin (urea-formaldehyde, cement, or bio-based binder such as castor-oil polyurethane) and hot-pressed into panels used for furniture, partitions, and interior/exterior construction.","Fibre sizing/drying, resin or binder blending, hot pressing (lab studies report ~160°C, 4 MPa, 8 minutes with 8% urea-formaldehyde adhesive).","Medium","N/A - no industrial-scale conversion yield (tonnes bagasse to m3 board) found; lab studies report panel density around 0.65 g/cm3.","N/A - no reliably sourced production cost figure found.","N/A - described qualitatively as 'less costly compared to plywood' (ChiniMandi) but no specific price found.","Reduces reliance on wood-based panels and associated deforestation pressure.","Well-proven technology for interior applications; cement-bonded variants can be used for exterior walls/roofing per FAO; increasingly attractive to Indian sugar mills as electricity tariffs for surplus bagasse become less lucrative.","Hot press, resin/binder mixing and application systems, particle sizing equipment.","Low-cost/free raw material (near-zero cost waste stream); diversification opportunity for sugar mills; substitute for plywood.","High cost of imported synthetic resins; standard boards (~15mm) limited to indoor, non-load-bearing use unless cement-bonded; competition from established wood-panel industry.","Alternative uses of sugarcane and its byproducts (FAO); Diversification: Manufacturing of particleboard from bagasse (ChiniMandi)","https://www.fao.org/4/s8850e/s8850e03.htm ; https://www.chinimandi.com/manufacturing-of-particleboard-from-bagasse/","FAO / Industry Report","Medium - technology is well-documented across multiple peer-reviewed studies, but quantitative cost/yield data for Indian conditions is sparse."
"Bagasse","Second-Generation (2G) Bioethanol","Biofuel","The lignocellulosic fraction of bagasse is pretreated (steam explosion, acid, alkaline, or imidazole), enzymatically hydrolyzed to fermentable sugars, and fermented to advanced (2G) bioethanol.","Pretreatment (e.g., steam explosion/acid/alkaline/imidazole), enzymatic hydrolysis, fermentation, distillation.","High","110.3 L bioethanol per tonne of sugarcane in an integrated imidazole-pretreatment process (ScienceDirect); an Indian case study found an additional 0.033 m3 ethanol per tonne of cane via the biochemical route from surplus bagasse, plus ~50 kWh/tonne cane surplus electricity as co-product; a Brazil/Sweden techno-economic model reports 102 L ethanol per tonne dry cane (including 50% leaves) for an integrated 1G+2G process.","Modelled minimum ethanol selling price (MESP) for 2G ethanol is ~US$0.97/L under current technology, potentially falling to ~US$0.78/L in a future scenario (Lund University/Novozymes techno-economic study, Brazil context).","Indian Oil Marketing Companies offer an assured offtake price of ₹60-65 per litre for 2G ethanol versus ₹50-55 per litre for conventional (1G) ethanol (India, ~2025).","Reduces GHG emissions relative to fossil fuel; valorizes lignin co-product into chemicals/adhesives/carbon fibre feedstock; reduces need for residue burning.","India generates an estimated 75-90 million tonnes of wet residual bagasse annually from ~600 operational sugar mills, giving strong theoretical feedstock suitability, though commercial-scale conversion remains limited.","Pretreatment reactors, enzymatic hydrolysis tanks, fermentation vessels, distillation units.","Diversifies mill revenue; addresses energy security; Government of India Viability Gap Funding covers up to 40% of 2G ethanol project capital cost.","High capital expenditure; high enzyme costs; technology still at pilot/early-commercial scale; feedstock collection and logistics.","Integrated sugarcane biorefinery for 1G/2G bioethanol (ScienceDirect); Assessment of bagasse and trash utilization for ethanol production: case study in India (ResearchGate); Techno-economic evaluation of 2G bioethanol from bagasse and leaves (PMC/BioMed Central); Second-Generation Biofuels in India (Advancebiofuel)","https://www.sciencedirect.com/science/article/abs/pii/S0959652622047539 ; https://www.researchgate.net/publication/324620048 ; https://www.ncbi.nlm.nih.gov/pmc/articles/PMC3350453/ ; https://advancebiofuel.in/second-generation-2g-biofuels-india-future-beyond-ethanol/","Research Paper","Medium-High - multiple peer-reviewed and industry sources corroborate yield/cost order of magnitude, though figures vary by process design and geography."
"Bagasse","Biochar for Soil Carbon Sequestration","Agriculture","Bagasse is pyrolyzed under limited oxygen to produce biochar, applied to soil as an amendment for carbon sequestration and fertility improvement.","Pyrolysis at controlled temperature (low-temperature biochar favours soil fertility; high-temperature favours carbon recalcitrance/sequestration); can use barrel-technique or industrial pyrolyzers.","Medium","N/A - no bagasse-specific char yield percentage found; a Sao Paulo (Brazil) modelling study using combined sugarcane residues found biochar additions of 1.2-2.46 t biochar-C/ha/year contributed to a soil carbon stock increase of 1.4-1.8 t C/ha/year over 10 years of repeated application.","N/A","Global biochar carbon-credit market prices range from US$50-200 per tonne CO2e, averaging ~US$179/tCO2e; this is a general global market figure, not bagasse- or India-specific.","Soil organic carbon sequestration; Sao Paulo State (Brazil) modelling found a potential increase in soil carbon stock of 2.35 ± 0.4 t C/ha/year at an application rate of 4.2 t biochar/ha/year (Brazil-specific figure).","Both bagasse and trash are usable feedstocks; low-temperature biochar suits soil fertility goals, high-temperature biochar suits carbon-sequestration goals.","Pyrolysis kiln (barrel technique or industrial pyrolyzer).","Dual benefit of carbon sequestration and soil quality improvement; potential future carbon-credit revenue stream.","Requires dedicated pyrolysis infrastructure; competes with existing cogeneration use of bagasse; economics depend heavily on volatile carbon-credit markets; India-specific quantitative data is limited (most robust data is from Brazil).","Sugarcane biomass-derived biochar for soil quality enhancement (Carbon Research, Springer); Modelling the potential for soil carbon sequestration using biochar from sugarcane residues in Brazil (Nature Scientific Reports)","https://link.springer.com/article/10.1007/s44246-024-00175-4 ; https://www.nature.com/articles/s41598-020-76470-y","Research Paper","Medium - credible peer-reviewed sources, but the strongest quantitative figures are Brazil-specific rather than India-specific."
"Bagasse","Activated Carbon Production","Industrial","Bagasse is carbonized and then chemically or steam-activated to produce porous activated carbon for water treatment and adsorption applications.","Carbonization (pyrolysis), chemical (e.g., KOH, ZnCl2) or steam activation, washing/drying.","High","N/A - no reliably sourced bagasse-to-activated-carbon yield percentage found.","One older process-costing study estimated steam-activated bagasse carbon production cost at approximately US$3.12/kg for a plant with ~US$1.94 million capital cost and 621,000 kg/year output; the exact year and geographic context of this figure could not be confirmed, so it should be treated as indicative only.","General (not bagasse-specific) activated carbon market price in India was approximately US$703.86/MT as of June 2026 per a commercial price-tracking source.","Valorizes a waste stream into a water-treatment adsorbent, potentially reducing reliance on coal- or coconut-shell-based activated carbon.","Competitive for lower-specification water-treatment applications versus coconut-shell or rice-husk activated carbon, though with lower surface area.","Carbonization furnace/kiln, chemical or steam activation equipment.","Uses a low-cost/free feedstock; higher-value diversification pathway than direct fuel use.","Lower surface area than coconut-shell-based activated carbon; activation furnace is capital-intensive (25-35% of total plant equipment cost per one industry source); feedstock logistics.","Process description and product cost to manufacture sugarcane bagasse-based granular activated carbon (ResearchGate); Sugarcane Bagasse Products: Top 10 Profitable Business (NIIR); Activated Carbon Price Trend (ProcurementResource)","https://www.researchgate.net/publication/287166441 ; https://www.niir.org/blog/sugarcane-bagasse-products/ ; https://www.procurementresource.com/resource-center/activated-carbon-price-trends","Research Paper / Industry Report","Low-Medium - the cost figure is from an old/uncertain-context study; the market price figure is current but is a general market price, not specific to bagasse-derived carbon."
"Bagasse","Bagasse Ash as Cement/Concrete Replacement","Construction","Sugarcane bagasse ash (SCBA), a pozzolanic residue from bagasse combustion, is ground and used as a partial replacement for Portland cement in concrete and mortar.","Grinding to fine particle size (studies report ~63 micron sieve, ~85% passing, similar to ordinary Portland cement fineness), blending with cement at typically 5-25% replacement levels.","Medium","N/A - no industrial per-tonne yield found; multiple lab studies report up to 10% cement replacement by SCBA maintains or improves concrete compressive strength and durability properties.","N/A","N/A","Reduces demand for Portland cement, a major industrial source of CO2 emissions, and repurposes an otherwise disposed combustion waste.","SCBA's silicate/pozzolanic content makes it chemically suitable as a supplementary cementitious material, confirmed across multiple independent lab studies.","Grinding mill for ash fineness control, standard concrete mixing/testing equipment.","Reduces cement-related CO2 emissions; cost-effective response to regional cement shortages; can improve certain durability properties (workability, reduced shrinkage) at optimal replacement levels.","Requires fine grinding to match cement particle size; ash composition varies with combustion conditions; almost all evidence is from laboratory-scale studies rather than commercial deployment.","Experimental Study on Partial Replacement of Sugarcane Bagasse Ash in Cement (Academia.edu); Utilization of Sugarcane Bagasse Ash in Concrete as Partial Replacement of Cement (ResearchGate)","https://www.academia.edu/38542141 ; https://www.researchgate.net/publication/321661061","Research Paper","Medium - consistent findings across many peer-reviewed lab studies, but technology remains at research/pilot stage rather than established commercial practice."
"Bagasse","Biogas / Compressed Biogas (CBG)","Energy","Bagasse (often pretreated) is anaerobically digested to produce biogas, which can be purified/upgraded into Compressed Biogas (CBG) for use as vehicle fuel or for power generation.","Shredding/pretreatment (steam explosion improves methane yield), anaerobic digestion (e.g., CSTR), gas purification/upgrading (e.g., PSA).","High","Untreated bagasse achieved a methane yield of 187.9 ± 2.4 NmL/g VS added in batch assay (53.8% of theoretical methane potential); steam-exploded, pretreated bagasse achieved 236 ± 22 NmL/g VS fed in semi-continuous reactor trials (peer-reviewed study). Nationally, agricultural residues (including bagasse) contribute more than one-third of India's total estimated CBG potential of 62 million tonnes/year.","General agri-residue-based bio-CNG plant annual opex ranges from ₹5-8 million for a 1 tonne/day plant (India, per Centre for Science and Environment analysis); feedstock aggregation can account for up to 30% of total project capex for agricultural-waste-based CBG plants.","CBG procurement price under India's SATAT scheme is ₹1,478 per mmBtu (excluding GST), approximately ₹77.4 per kg, effective from 1 June 2025.","Reduces open burning/disposal emissions; produces a renewable transport fuel; digestate can be used as organic fertilizer.","High cellulose/hemicellulose content makes bagasse a suitable AD feedstock, though pretreatment substantially improves methane yield.","Anaerobic digesters (e.g., CSTR), pretreatment units (steam explosion), biogas upgrading (PSA) systems.","New revenue stream for sugar mills; strong Government of India policy support (SATAT, GOBARdhan); produces a saleable organic-manure co-product.","High capital cost (₹300-500 lakh for a small-to-medium CBG plant, India); significant feedstock aggregation costs; competes with bagasse's existing use in cogeneration.","Anaerobic mono-digestion of sugarcane trash and bagasse (ScienceDirect); How to Set Up a Compressed Biogas (CBG) Plant in India (IMARC Engineering); Creating Circularity: CBG market in India (Renewable Watch); Compressed biogas production from agricultural residues in India (ScienceDirect)","https://www.sciencedirect.com/science/article/pii/S0926669021004763 ; https://www.imarcengineering.com/blog/how-to-set-up-a-compressed-biogas-plant-in-india ; https://renewablewatch.in/2024/04/17/creating-circularity-taking-stock-of-the-cbg-market-in-india/ ; https://www.sciencedirect.com/science/article/abs/pii/S1364032125005611","Research Paper / Industry Report","Medium-High - laboratory yield data is well-sourced; economic figures are current India-specific industry data, though not isolated purely to bagasse feedstock."
"Bagasse","Animal Feed (chemically/biologically treated)","Agriculture","Bagasse is chemically treated (e.g., ammoniation, urea, NaOH) or biologically fermented (e.g., with Trichoderma harzianum) to break down lignin and improve digestibility, then used as ruminant roughage.","Chemical treatment (ammoniation/urea/NaOH) or microbial fermentation pretreatment before feeding.","Medium","N/A - no consistently quantified digestibility-improvement percentage found across sources.","N/A","N/A","Diverts waste from disposal/burning into productive livestock use, reducing pressure on other forage resources.","Bagasse has inherently low nutritive value and digestibility, limiting its direct use; treatment is necessary to make it a viable feed component, and it cannot serve as a sole feed source.","Chemical treatment/ammoniation chambers, or fermentation vessels for microbial pretreatment.","Low-cost roughage source; helps address livestock fodder scarcity.","Low native nutritive value and digestibility; added processing cost required; not viable as a sole feed; limited field-scale adoption evidence.","Improving Sugarcane Bagasse as Animal Feed by Ammoniation and Fermentation with Trichoderma harzianum (ResearchGate); Ensiled sugarcane byproducts: A sustainable solution (Veterinary Paper)","https://www.researchgate.net/publication/311776810 ; https://www.veterinarypaper.com/pdf/2025/vol10issue6S/PartA/S-10-6-2-742.pdf","Research Paper","Medium - well-documented research direction, but lacks consistent quantitative digestibility/economic data."
"Bagasse","Molded Packaging / Disposable Tableware","Materials","Bagasse fibre is pulped and molded (thermoformed) into biodegradable disposable plates, bowls, and packaging as an alternative to single-use plastic and styrofoam.","Pulping, molding/thermoforming, drying/finishing.","Medium","N/A","Setting up a 1-2 tonne/day capacity bagasse moulded tableware unit costs approximately ₹50-80 lakh in India using manual or semi-automatic presses (NIIR Project Consultancy Services); bagasse mill-gate price is approximately ₹200-500 per tonne.","N/A - no specific market price for finished bagasse tableware/packaging found.","Provides a biodegradable alternative to single-use plastics, supporting India's single-use plastic ban.","Growing market suitability driven by India's 2022 single-use plastic ban, Extended Producer Responsibility (EPR) rules, and export demand.","Pulp molding machines, hot press/thermoforming units.","Favourable policy environment (Make in India, plastic ban, EPR); low-cost raw material; growing domestic and export market.","Requires consistent bagasse supply and fibre quality; competition from other biodegradable packaging materials (e.g., areca leaf, PLA).","Sugarcane Bagasse Products: Top 10 Profitable Business (NIIR)","https://www.niir.org/blog/sugarcane-bagasse-products/","Industry Report","Medium - useful India-specific cost figures from an industry consultancy source, but not independently peer-reviewed."
"Press Mud","Compost / Enriched Biofertilizer","Agriculture","Press mud is composted, often enriched with bioinoculants (e.g., Azotobacter, Gluconacetobacter diazotrophicus) or mixed with other organic inputs, to produce a nutrient-rich organic manure.","Windrow composting or bioinoculant-enriched composting, typically over several weeks.","Low","Press mud contains 25.07-26% organic carbon, 0.86-1.07% total N, 2.42-2.62% P, and 1.60-1.75% K (ICAR-Indian Institute of Sugarcane Research, Lucknow study); approximately 3 tonnes of press mud are produced per 100 tonnes of sugarcane crushed, with national Indian production estimated at ~2.7 million tonnes/year.","N/A","Press mud prices in India rose from approximately ₹100/tonne to ₹500-600/tonne over the two years prior to 2025, reflecting increased demand as a fertilizer/biogas feedstock.","Can reduce chemical fertilizer requirement by up to 25% (cited research); improves soil organic carbon, structure, and microbial activity; reduces pollution associated with dumping or brick-kiln burning of press mud.","Well suited given high organic matter and nutrient content; already a widely practiced technique across Indian sugarcane-growing states.","Composting yards/windrow turners, or bioinoculant mixing equipment.","Reduces chemical fertilizer dependency; improves soil health; low-cost, low-tech process.","Bulky, heavy material increases transport cost; composition varies with juice-clarification process; can degrade/decompose during storage.","In-Situ Incorporation of Press Mud Cake in Sugarcane Fields (IJERT); Nutrients of press mud (ResearchGate); Sugarcane Byproduct 'Pressmud' (PWOnlyIAS)","https://www.ijert.org/research/in-situ-incorporation-of-press-mud-cake-in-sugarcane-fields-impact-on-manorial-value-of-soil-environment-IJERTV3IS21333.pdf ; https://www.researchgate.net/figure/Nutrients-of-press-mud_tbl1_304992481 ; https://pwonlyias.com/current-affairs/sugarcane-byproduct-pressmud/","Research Paper","High - multiple India-specific peer-reviewed and current-affairs sources with consistent quantitative nutrient and price data."
"Press Mud","Direct Field Application / Soil Conditioner","Agriculture","Fresh or partially dried press mud is applied directly to sugarcane (or other crop) fields as a low-grade fertilizer and soil conditioner, without a prior composting step.","Minimal - direct spreading/incorporation into soil before planting.","Low","Recommended application rate is approximately 37.5 tonnes/ha before planting (or 12.5 t/ha farmyard manure equivalent); contains approximately 1.2% N, 2.1-2.4% P2O5, and 2.0% K2O (agronomic extension guideline, India).","N/A","N/A","Prevents soil erosion, crusting, and cracking; improves drainage and soil pH; promotes beneficial microbial activity (Indian agronomic sources).","High suitability, particularly for reuse in sugarcane fields themselves, closing the nutrient loop for cane cultivation.","Manual or mechanical spreading equipment; no processing infrastructure required.","No processing cost; immediate reuse at or near the mill site; closes the nutrient loop for sugarcane cultivation.","Bulky material with high transport cost per unit nutrient; uneven decomposition if not incorporated; excessive/repeated application can raise soil wax content (noted as a pollution concern in a Kenyan study).","Best Fertilizer for Sugarcane (Agrifarming.in); In-Situ Incorporation of Press Mud Cake in Sugarcane Fields (IJERT)","https://www.agrifarming.in/best-fertilizer-for-sugarcane-organic-biofertilizers-npk-compost-manure-and-schedule ; https://www.ijert.org/research/in-situ-incorporation-of-press-mud-cake-in-sugarcane-fields-impact-on-manorial-value-of-soil-environment-IJERTV3IS21333.pdf","Other (agronomic extension guide) / Research Paper","Medium-High - consistent figures across an extension guideline and a peer-reviewed study."
"Press Mud","Biogas / Compressed Biogas (CBG)","Energy","Press mud is anaerobically digested to produce biogas, purified into Compressed Biogas (CBG) for use as vehicle fuel, with the digestate processed into Fermented Organic Manure (FOM) or Phospho-Rich Organic Manure (PROM).","Slurry preparation, grit/coarse-fibre separation, anaerobic digestion (e.g., CSTR), gas purification (e.g., PSA).","High","Press mud yield is approximately 3-4% by weight of cane processed; approximately 25 tonnes of press mud yields 1 tonne of CBG (industry estimate); India's FY2022-23 sugar production of 32.74 million tonnes generated an estimated 11.4 million tonnes of press mud, with potential to generate ~460,000 tonnes of CBG nationally.","Indicative project cost of approximately ₹20 crore for a CBG plant sized to a 5,000 tonnes/day cane-crushing factory; a demonstration press-mud-to-CBG plant (Muzaffarnagar, ~200 tonnes/day press mud input) reported capex in the range of ₹35-55 crore.","India's national press-mud-based CBG potential (~460,000 tonnes) was valued at approximately ₹2,484 crore (FY2022-23 basis); PROM/organic manure from digestate can sell at ₹6-8/kg; CBG procurement price under SATAT is ₹1,478/mmBtu (~₹77.4/kg) effective June 2025; Market Development Assistance of ₹1,500/tonne is available on FOM under the Department of Fertilizers.","Diverts press mud from open dumping, reducing odour and soil/water pollution linked to its wax content; produces nutrient-rich digestate; supports India's 2070 net-zero commitment.","High organic-matter content (C/N ratio ~19.6 per a Kenyan sugar-zone study) makes press mud well suited to anaerobic digestion.","CSTR anaerobic digesters, PSA/biogas upgrading systems, dewatering equipment (screw press/centrifuge).","New revenue stream for sugar mills (CBG plus FOM/PROM sales); strong Government of India policy support (SATAT, GOBARdhan); reduces disposal burden.","Press mud is difficult to store long-term as it decomposes/degrades; lack of long-term supply agreements between sugar mills and CBG producers; feedstock availability tied to the seasonal crushing period.","Sugarcane Byproduct 'Pressmud' (PWOnlyIAS); Compressed Biogas: A lucrative opportunity for sugar factories (ChiniMandi); How to Set Up a Compressed Biogas (CBG) Plant in India (IMARC Engineering); How Sugar Mills Are Turning Waste into Compressed Biogas (CanexTechno)","https://pwonlyias.com/current-affairs/sugarcane-byproduct-pressmud/ ; https://www.chinimandi.com/compressed-biogas-a-lucrative-opportunity-for-sugar-factories/ ; https://www.imarcengineering.com/blog/how-to-set-up-a-compressed-biogas-plant-in-india ; https://www.canextechno.com/how-sugar-mills-are-turning-waste-into-compressed-biogas-cbg/","Industry Report","High - multiple corroborating India-specific sources with concrete quantitative figures, including current government scheme pricing."
"Press Mud","Wax Extraction (Policosanol/Phytosterols)","Chemical","Sugarcane wax, containing valuable compounds such as policosanol and phytosterols, is extracted from press mud using solvent extraction (e.g., toluene, hexane) or advanced methods (accelerated solvent extraction/supercritical fluid extraction) for use in nutraceuticals, cosmetics, and food coatings.","Drying, solvent extraction (Soxhlet, accelerated solvent extraction, or supercritical fluid extraction), refining/purification.","High","Wax yield of approximately 8.3% from press mud is reported in older literature (Paturau, 1982); a comparative study found extraction yields of 13.32% (accelerated solvent extraction) and 5.46% (supercritical fluid extraction with co-solvent) versus 9.03% (Soxhlet extraction); filter mud showed phytosterol content up to 20,878.75 mg/100g, the highest among sugarcane byproducts tested in one study.","N/A","N/A - policosanol is described as a 'high value added compound' in the literature, but no specific market price was found.","Valorizes a waste stream into a higher-value nutraceutical/cosmetic ingredient; reduces the wax content that can pollute soil when press mud is dumped untreated (per a Kenyan sugar-zone study).","Press mud is a viable wax source, though yields are lower than from some purpose-processed sugarcane sources; extracted wax requires further refining for commercial-grade product.","Solvent extraction units (Soxhlet, accelerated solvent extraction, or supercritical fluid extraction), distillation/refining equipment.","High-value co-product potential (policosanol for nutraceuticals, triacontanol as a plant-growth promoter, wax for cosmetics/food coatings).","Solvent toxicity and environmental impact concerns (e.g., toluene toxicity; documented GWP impacts from solvent-based extraction in a life-cycle assessment); technically demanding extraction/purification; currently at research/pilot stage rather than commercial scale.","Development of Sugarcane Wax Extraction Methods from Sugarcane Filter Cake for Value Creation (Academia.edu); Studies on Extraction of Sugarcane Wax from Press Mud (ResearchGate, Kolhapur District LCA study)","https://www.academia.edu/128837145 ; https://www.researchgate.net/publication/236676677","Research Paper","Medium - technically credible peer-reviewed/academic sources, but yields vary across studies and no commercial-scale economic data was found."
"Press Mud","Animal Feed via Bioconversion (Biomass Protein)","Agriculture","Press mud is dewaxed and fermented with fungal cultures (e.g., Arachniotus sp.) to convert it into biomass protein for potential use as poultry/livestock feed.","Dewaxing (solvent extraction), fungal fermentation, drying.","High","N/A - specific protein-content or conversion yield figures were not found in the source excerpt reviewed.","N/A","N/A","Converts a waste stream into a protein source, reducing disposal burden.","Experimental/research-stage only; caution is warranted because some press mud samples have shown highly variable and potentially problematic copper content (500-5,700 mg/kg reported in one review), which could be an issue for certain livestock (e.g., sheep).","Fermentation bioreactors, fungal culture systems, drying equipment.","Potential low-cost protein feed source; further waste valorization pathway.","Research-stage technology with very limited field-scale evidence; feed-safety concerns around heavy-metal (copper) content; scarce practical experience feeding press mud to livestock.","Bioconversion of Filter Press Cake (Mud) of Sugar-cane to Biomass Protein (Scialert); Sugarcane press mud (Feedipedia)","https://scialert.net/fulltext/?doi=pjbs.2002.1052.1055 ; https://www.feedipedia.org/node/563","Research Paper","Low - based on a single small-scale study; an independent source (Feedipedia) flags feed-safety caveats and notes scarce field experience."
"Press Mud","Building/Cement Material Blending","Construction","Waste press mud is incorporated into cementitious blends (e.g., alongside glass powder) with the aim of enhancing the performance of blended cement as a construction material.","Drying, grinding, blending with cement or other supplementary cementitious materials.","Medium","N/A","N/A","N/A","Diverts waste from disposal; may reduce clinker content and associated CO2 emissions of blended cement, though this was not separately quantified in the source reviewed.","Emerging application, considerably less established in the literature than bagasse-ash-based cement replacement.","Grinding/blending equipment; standard cement production processes.","Provides an additional waste-valorization pathway specifically for press mud (a byproduct otherwise mainly used for compost/biogas).","Early research stage; very limited literature compared to bagasse-ash cement studies; particle size and composition control required; no quantitative performance data found.","Comprehensive Valorization of Filter Cake as a Resource in the Sugar Industry (Minerva Journal, referencing Radwan et al., Construction and Building Materials)","https://minerva.autanabooks.com/index.php/Minerva/article/view/300","Review Paper","Low - identified via a single review reference; no quantitative performance/cost data was found in this research."
"Sugarcane Trash","In-Situ Mulching","Agriculture","Sugarcane leaves/trash are left or spread on the field surface after harvest as organic mulch, conserving soil moisture, suppressing weeds, and improving soil fertility for the following ratoon crop.","Shredding (using trash shredders) is recommended to accelerate decomposition; can be combined with microbial consortia decomposers.","Low","Cane trash contains approximately 68% organic matter, 0.42% N, 0.15% P, 0.57% K, 0.48% Ca, and 0.12% Mg (cited from Srivastava et al., 1992, in an ICAR-linked study); 8-10 tonnes/ha of dry cane trash breaks down over about one year to form 2.5 tonnes of organic matter; trash production is typically 10-12 tonnes/ha/year of dry leaves in India; trash mulching reduced soil temperature by 2.1°C at an ICAR-Sugarcane Breeding Institute (Coimbatore) trial.","N/A","N/A","Increases soil organic carbon, improves moisture conservation, and supports nutrient cycling (ICAR, Indian Farming journal); an ICAR-SBI Coimbatore trial recorded higher soil microbial biomass carbon (112.25 μg/g soil) under trash mulching plus green manuring versus 86.91 μg/g soil in the control.","Highly suitable and already widely adopted across major sugarcane-growing states including Maharashtra, Karnataka, Tamil Nadu, and Uttar Pradesh.","Mechanical trash shredder/chopper; no major processing infrastructure needed.","Essentially zero-cost input; improves soil health and moisture retention; reduces the need for pre-harvest field burning.","Slow decomposition without shredding or a microbial decomposer; competes with alternative uses of trash (fuel, biochar, ethanol feedstock); requires field management adaptation, especially under mechanized harvesting.","Sugarcane trash mulching: A sustainable carbon farming practice (ICAR, Indian Farming); Effect of in situ recycling of sugarcane crop residue on yield and soil sustainability in Inceptisol (ResearchGate)","https://epubs.icar.org.in/index.php/IndFarm/article/view/177411 ; https://www.researchgate.net/publication/343767913","ICAR / Research Paper","High - ICAR institutional sources with consistent, India-specific quantitative data."
"Sugarcane Trash","Compost (with Microbial Decomposer)","Agriculture","Sugarcane trash is collected and composted, often using a microbial consortium (e.g., TNAU 'Trash D') to accelerate decomposition and reduce the C:N ratio, producing organic manure.","Collection, shredding, and application of a microbial decomposer (e.g., 30 kg/ha applied on the 3rd, 15th, and 30th day after harvest) together with recommended fertilizer doses.","Medium","Application of the TNAU Trash D microbial consortium significantly reduced the trash C:N ratio to 18.25 by day 60 post-application; treated plots showed improved ratoon cane yield compared to the control (control yield 115 t/ha).","N/A","N/A","Converts a slow-decomposing residue into usable organic manure; avoids the air pollution associated with field burning of trash.","Well suited given established microbial consortium protocols developed by ICAR-Sugarcane Breeding Institute and Tamil Nadu Agricultural University.","Shredder, microbial decomposer inoculant application equipment.","Faster nutrient release compared to raw mulching; improves ratoon cane yield and soil health simultaneously.","Requires a precise application schedule tied to days after harvest; additional labour/input cost for decomposer application.","In-situ decomposition of sugarcane trash using microbial consortium and its impact on ratoon cane (Plant Science Today)","https://horizonepublishing.com/journals/index.php/PST/article/download/6969/version/7730/7023/49092","Research Paper","Medium-High - peer-reviewed field-trial data with specific quantitative results."
"Sugarcane Trash","Biochar","Agriculture","Sugarcane trash is pyrolyzed to produce biochar for soil carbon sequestration and soil quality enhancement, either alone or blended with bagasse-derived biochar.","Pyrolysis (barrel technique or laboratory/industrial pyrolyzer); pyrolysis temperature choice affects whether the biochar favours soil fertility (low temperature) or carbon recalcitrance (high temperature).","Medium","N/A - trash-specific char-yield percentage not isolated in sources reviewed; a Brazil modelling study assumed sugarcane trash amounts to 140 kg dry matter per tonne of harvested cane, with 7 tonnes dry matter trash/ha/year left on the field to support active nutrient cycling.","N/A","N/A","Excess trash beyond the amount needed for optimal soil mulching (estimated at 5.9 tonnes C/ha/year in a Brazil case study) is potentially available for biochar conversion without compromising in-field mulching benefits.","Suitable as a biochar feedstock especially where trash volumes exceed the amount needed for optimal in-situ retention.","Pyrolysis kiln (barrel technique or industrial pyrolyzer).","Provides an additional carbon-sequestration pathway beyond simple mulching; potential dual benefit for soil health and climate mitigation.","Trade-off with in-situ mulching benefits if trash is over-harvested; requires dedicated pyrolysis infrastructure; largely research-stage, with the strongest available data being Brazil-specific rather than India-specific.","Sugarcane biomass-derived biochar for soil quality enhancement (Carbon Research, Springer); Modelling the potential for soil carbon sequestration using biochar from sugarcane residues in Brazil (Nature Scientific Reports)","https://link.springer.com/article/10.1007/s44246-024-00175-4 ; https://www.nature.com/articles/s41598-020-76470-y","Research Paper","Medium - credible peer-reviewed sources, but India-specific quantitative data is limited; most robust figures are from Brazil."
"Sugarcane Trash","Briquettes / Pellets (Solid Biofuel)","Energy","Sugarcane dry leaves/trash are compacted, with or without a binder (e.g., molasses), into briquettes or pellets for use as a solid biofuel in boilers, cooking, and heating applications.","Drying, size reduction, compaction (binder such as molasses often used), optional carbonization.","Medium","Field trash generation ranges from 11-21 tonnes/ha depending on variety and management; optimal briquetting conditions (80-second pressing time, 15% wt/wt binder, 5cm briquette height) yielded briquettes with bulk density of 340 kg/m3, 99.6% shatter resistance, and a calorific value of 16.59 ± 0.06 MJ/kg; sugarcane-leaf/bamboo blended pellets achieved calorific values above 14,500 J/g at blend ratios of 4:1 to 1:4, meeting ISO 17225-6:2021 standards.","N/A","N/A","Substitutes fossil fuels/firewood; reduces open-field burning of trash and the associated air pollution.","Suitable as a solid biofuel, though sugarcane-leaf briquettes generally have lower calorific value and higher ash content than bagasse briquettes; performance improves significantly when blended with other biomass (e.g., bamboo).","Briquetting/pellet press, dryers, optional carbonization kiln.","Reduces stubble/field burning; produces a relatively smokeless, low-ash fuel suitable for industrial boilers and domestic heating.","Lower calorific value and higher ash content compared to bagasse briquettes; requires a binder for adequate durability; seasonal field-collection logistics.","Development of Carbonized Fuel Briquettes from Sugarcane Crop Waste (Journal of the Japan Institute of Energy, J-STAGE); Optimizing biomass pellet quality from sugarcane leaves and bamboo (ScienceDirect)","https://www.jstage.jst.go.jp/article/jie/105/2/105_34/_article/-char/en ; https://www.sciencedirect.com/science/article/pii/S2773139125000321","Research Paper","Medium-High - peer-reviewed studies with specific, corroborated calorific value and physical-property data."
"Sugarcane Trash","Second-Generation (2G) Bioethanol","Biofuel","Sugarcane trash/leaves are combined with bagasse as lignocellulosic feedstock for second-generation bioethanol production via pretreatment, enzymatic hydrolysis, and fermentation.","Field collection/baling, pretreatment, enzymatic hydrolysis, fermentation, distillation.","High","An Indian case study modelled an additional ethanol yield of 0.025 m3 per tonne of cane (biochemical route) plus 0.004 m3 per tonne of cane of higher alcohols (thermochemical route) from trash-supplemented processing, alongside 0.033 m3 per tonne of cane from bagasse alone; a Brazil/Sweden techno-economic model reports 102 L ethanol per tonne of dry cane including 50% leaves, integrated with the conventional (1G) sugar-ethanol process.","Modelled minimum ethanol selling price (MESP) for 2G ethanol is approximately US$0.97/L under current technology, potentially falling to ~US$0.78/L in a future scenario (Brazil/Sweden techno-economic study).","Indian Oil Marketing Companies offer an assured offtake price of ₹60-65 per litre for 2G ethanol (India, ~2025).","Reduces field burning of trash, a major contributor to seasonal air pollution in parts of India; reduces GHG emissions relative to fossil fuel use.","Technically feasible as a supplementary feedstock alongside bagasse, but practical viability depends heavily on efficient field-collection logistics since trash is dispersed and low-density.","Pretreatment reactors, enzymatic hydrolysis tanks, fermentation vessels, distillation units (often shared infrastructure with bagasse-based 2G ethanol).","Helps address crop-residue burning; provides an additional feedstock stream for existing/planned 2G ethanol plants; eligible for Government of India Viability Gap Funding.","Field collection and transport logistics (trash is scattered and has low bulk density); competes with in-situ mulching/soil-health retention needs; high pretreatment and enzyme costs.","Assessment of bagasse and trash utilization for ethanol production: A case study in India (ResearchGate); Techno-economic evaluation of 2G bioethanol from sugar cane bagasse and leaves (PMC/BioMed Central)","https://www.researchgate.net/publication/324620048 ; https://www.ncbi.nlm.nih.gov/pmc/articles/PMC3350453/","Research Paper","Medium-High - peer-reviewed, India-relevant modelling studies, though real-world commercial deployment using trash specifically remains limited."
"Sugarcane Trash","Biogas / Compressed Biogas (CBG)","Energy","Sugarcane trash is anaerobically digested (with or without pretreatment) to produce biogas/methane, usable for Compressed Biogas (CBG) production alongside bagasse and press mud.","Shredding, optional steam-explosion pretreatment, anaerobic digestion.","High","Untreated sugarcane trash achieved a methane yield of 161.8 ± 4 NmL/g VS added in batch assay (55.6% of theoretical methane potential); steam-exploded, pretreated trash achieved 226 ± 37 NmL/g VS fed in semi-continuous reactor trials (peer-reviewed comparative study of trash and bagasse digestion).","N/A - trash-specific CBG plant capex was not isolated from general agri-residue CBG cost data in this research.","CBG procurement price under India's SATAT scheme is ₹1,478 per mmBtu (~₹77.4/kg), effective from 1 June 2025; sugarcane trash is explicitly listed as a permitted CBG feedstock in India alongside paddy/wheat straw and press mud.","Diverts trash from open-field burning, a major air-pollution source in parts of India; produces renewable fuel plus organic digestate fertilizer.","Sugarcane trash is officially recognized as a permitted CBG feedstock in India, though its methane yield is somewhat lower than that of pretreated bagasse.","Anaerobic digesters, pretreatment units (steam explosion), PSA/biogas upgrading systems.","Addresses the field-burning pollution problem; diversifies the CBG feedstock base; supports India's SATAT/CBG policy targets.","Lower methane yield than pretreated bagasse; collection/logistics costs for dispersed field residue; competes with in-situ mulching and soil-health retention needs.","Anaerobic mono-digestion of sugarcane trash and bagasse with and without pretreatment (ScienceDirect); How to Set Up a Compressed Biogas (CBG) Plant in India (IMARC Engineering)","https://www.sciencedirect.com/science/article/pii/S0926669021004763 ; https://www.imarcengineering.com/blog/how-to-set-up-a-compressed-biogas-plant-in-india","Research Paper / Industry Report","Medium-High - laboratory methane-yield data is well-sourced; policy/pricing data is current and India-specific, though not isolated purely to trash feedstock."
"Sugarcane Trash","Animal Fodder (Sugarcane Tops)","Agriculture","Sugarcane tops/trash (the leafy portion) are used, typically chopped and combined with a concentrate mixture, as roughage/fodder for cattle and buffalo, particularly during the dry season.","Chopping (chaff cutter), often combined with a concentrate mixture or made into silage.","Low-Medium","Sugarcane produces approximately 15-18 tonnes of fresh cane tops per hectare (5-6 tonnes dry matter), sufficient fodder for one 500 kg animal for a year on that area, per an FAO expert consultation; nutritive value is reported as similar to maize green fodder but sugarcane tops should not be fed as a sole fodder source (Indian nutritional evaluation study).","N/A","N/A","Provides dry-season fodder without requiring additional dedicated land or water use; reduces pressure on other forage crop resources.","Moderately suitable; low native nutritive value limits use as a sole feed, and is best combined with 20-40% concentrate mixture per an Indian buffalo-calf feeding trial.","Chaff cutters/choppers; optional silage-making equipment.","Addresses livestock fodder scarcity, especially in the dry season; low-cost and immediately available at harvest time.","Low nutritive value/digestibility; risk of rumen acidosis if fed as sole fodder; requires supplementation; historically only around 15% of cane-tops production in some sugar-producing regions (e.g., Mauritius) has been used for animal feed, indicating significant underutilization and logistics barriers.","Sugarcane tops as animal feed (FAO); Nutritional evaluation of sugarcane trash as dry fodder source for cattle (ResearchGate)","https://www.fao.org/4/s8850e/s8850e10.htm ; https://www.researchgate.net/publication/334479085","FAO / Research Paper","Medium-High - FAO and peer-reviewed Indian sources corroborate general nutritive value and usage constraints."
"Sugarcane Trash","Supplementary Boiler Fuel (Co-firing for Cogeneration)","Energy","Sugarcane trash collected from fields is used as a supplementary fuel alongside bagasse in sugar-mill boilers for steam/power generation, particularly to extend cogeneration operation beyond the cane-crushing season.","Field collection/baling, transport, size reduction, storage; boiler adaptation for co-firing.","Medium","N/A - trash-specific calorific yield within a cogeneration/co-firing context (beyond briquette calorific-value figures of ~16.59 MJ/kg reported for trash-based briquettes) was not separately quantified; an Indian techno-economic study modelled cane trash collected from the field as a supplementary fuel at the mill alongside surplus bagasse feedstock.","N/A","N/A","Extends the operating window for renewable cogeneration beyond the crushing season; reduces the need for open-field burning of trash.","Suitable as a bagasse supplement given comparable, though somewhat lower, calorific value; trash has higher ash content than bagasse, requiring boiler adaptation.","Field balers/collection equipment; boilers modified/adapted for trash co-firing.","Extends the cogeneration operating window beyond the cane-crushing season; reduces field burning of trash.","Collection and transport logistics (dispersed, low-bulk-density material); higher ash content complicates boiler operation and maintenance; competes with the in-situ mulching use of trash for soil health.","Assessment of bagasse and trash utilization for ethanol production: A case study in India (ResearchGate); Sugarcane Bagasse and Cane Trash as a Fuel (ResearchGate)","https://www.researchgate.net/publication/324620048 ; https://www.researchgate.net/publication/376189241","Research Paper","Medium - technically plausible and referenced in modelling studies, but lacks India-specific quantitative cost/yield data isolated to this exact use case."
